index,label,seconds,word_count,score,score_pct,error,error_signature
1,Part 1 Q1,30.2,1246,3.5,,,
2,Part 1 Q2,27.16,1246,3.5,,,
3,Part 1 Q3,33.57,1246,4.5,,,
4,Part 2 Q1,34.66,2487,0.0,,"Model did not return a numeric provisional score for Part 2 Q1: {'summary': {'title': 'Taxation of Private Schools', 'key_points': ['The introduction of Value Added Tax (VAT) on private school fees can have both efficiency and equity impacts.', 'In Scenario 1, where only the low-income family attends public school, a marginal increase in VAT raises social welfare by improving public-school quality.', 'In Scenario 2, with both low- and middle-income families attending public school, the welfare gain from increasing VAT is smaller but still benefits public education.', 'Excessively high VAT rates risk undermining efficiency by overburdening the public education system and potentially inducing middle-income families to switch to public schooling.', 'VAT on private schools can improve equity and social welfare if implemented moderately and with effective use of additional revenue.']}, 'analysis': [{'section_title': 'Theoretical Model', 'content': 'The theoretical model presented in the document analyzes the effects of VAT on private school fees by considering two scenarios based on schooling allocation. The first scenario (Scenario 1) involves only the low-income family attending public school, while the second scenario (Scenario 2) includes both low- and middle-income families attending public school.'}, {'section_title': 'VAT Impact on Private Schooling', 'content': 'In Scenario 1, an increase in VAT reduces the utility of private schooling for high-and middle-income families due to higher costs. However, this reduction is offset by increased public-school quality funding, which benefits low-income households attending public school.'}, {'section_title': 'VAT Impact on Public Schooling', 'content': 'In Scenario 2, the same mechanism applies but with a smaller welfare gain since fewer families pay VAT. The policy still shifts resources from higher-income households toward public education.'}, {'section_title': 'Equity Efficiency Trade-off', 'content': 'The document highlights that excessively high VAT rates can induce middle-income families to switch to public schooling, potentially increasing congestion and reducing per-pupil resources in public schools. This trade-off between equity gains and potential efficiency losses must be considered.'}, {'section_title': 'Policy Implications', 'content': 'The model suggests that VAT on private schooling can improve both equity and social welfare if implemented cautiously, with sufficient public-sector capacity to handle additional demand without compromising quality. The policy should aim for a moderate rate that maximizes efficiency while ensuring adequate redistribution.'}]}","Model did not return a numeric provisional score for Part <section>: {'summary': {'title': 'Taxation of Private Schools', 'key_points': ['The introduction of Value Added Tax (VAT) on private school fees can have both efficiency and equity i"
5,Part 2 Q2,35.2,2487,0.0,,"Model did not return a numeric provisional score for Part 2 Q2: {'summary': {'title': 'Taxation of Private Schools', 'key_points': ['The introduction of Value Added Tax (VAT) on private school fees can have both efficiency and equity impacts.', 'In Scenario 1, where only the low-income family attends public school, a marginal increase in VAT raises social welfare by improving public-school quality.', 'In Scenario 2, with both low- and middle-income families attending public school, the welfare gain from increasing VAT is smaller but still benefits public education.', 'Excessively high VAT rates risk undermining efficiency by overburdening the public education system and potentially inducing middle-income families to switch to public schooling.', 'VAT on private schools can improve equity and social welfare if implemented moderately and with effective use of additional revenue.']}, 'analysis': [{'section_title': 'Theoretical Model', 'content': 'The theoretical model presented in the document analyzes the effects of VAT on private school fees by considering two scenarios based on schooling allocation. The first scenario (Scenario 1) involves only the low-income family attending public school, while the second scenario (Scenario 2) includes both low- and middle-income families attending public school.'}, {'section_title': 'VAT Impact on Private Schooling', 'content': 'In Scenario 1, an increase in VAT reduces the utility of private schooling for high-and middle-income families due to higher costs. However, this reduction is offset by increased public-school quality funding, which benefits low-income households attending public school.'}, {'section_title': 'VAT Impact on Public Schooling', 'content': 'In Scenario 2, the same mechanism applies but with a smaller welfare gain since fewer families pay VAT. The policy still shifts resources from higher-income households toward public education.'}, {'section_title': 'Equity Efficiency Trade-off', 'content': 'The document highlights that excessively high VAT rates can induce middle-income families to switch to public schooling, potentially increasing congestion and reducing per-pupil resources in public schools. This trade-off between equity gains and potential efficiency losses must be considered.'}, {'section_title': 'Policy Implications', 'content': 'The model suggests that VAT on private schooling can improve both equity and social welfare if implemented cautiously, with sufficient public-sector capacity to handle additional demand without compromising quality. The policy should aim for a moderate rate that maximizes efficiency while ensuring adequate redistribution.'}]}","Model did not return a numeric provisional score for Part <section>: {'summary': {'title': 'Taxation of Private Schools', 'key_points': ['The introduction of Value Added Tax (VAT) on private school fees can have both efficiency and equity i"
6,Part 2 Q3,34.67,2487,0.0,,"Model did not return a numeric provisional score for Part 2 Q3: {'summary': {'title': 'Taxation of Private Schools', 'key_points': ['The introduction of Value Added Tax (VAT) on private school fees can have both efficiency and equity impacts.', 'In Scenario 1, where only the low-income family attends public school, a marginal increase in VAT raises social welfare by improving public-school quality.', 'In Scenario 2, with both low- and middle-income families attending public school, the welfare gain from increasing VAT is smaller but still benefits public education.', 'Excessively high VAT rates risk undermining efficiency by overburdening the public education system and potentially inducing middle-income families to switch to public schooling.', 'VAT on private schools can improve equity and social welfare if implemented moderately and with effective use of additional revenue.']}, 'analysis': [{'section_title': 'Theoretical Model', 'content': 'The theoretical model presented in the document analyzes the effects of VAT on private school fees by considering two scenarios based on schooling allocation. The first scenario (Scenario 1) involves only the low-income family attending public school, while the second scenario (Scenario 2) includes both low- and middle-income families attending public school.'}, {'section_title': 'VAT Impact on Private Schooling', 'content': 'In Scenario 1, an increase in VAT reduces the utility of private schooling for high-and middle-income families due to higher costs. However, this reduction is offset by increased public-school quality funding, which benefits low-income households attending public school.'}, {'section_title': 'VAT Impact on Public Schooling', 'content': 'In Scenario 2, the same mechanism applies but with a smaller welfare gain since fewer families pay VAT. The policy still shifts resources from higher-income households toward public education.'}, {'section_title': 'Equity Efficiency Trade-off', 'content': 'The document highlights that excessively high VAT rates can induce middle-income families to switch to public schooling, potentially increasing congestion and reducing per-pupil resources in public schools. This trade-off between equity gains and potential efficiency losses must be considered.'}, {'section_title': 'Policy Implications', 'content': 'The model suggests that VAT on private schooling can improve both equity and social welfare if implemented cautiously, with sufficient public-sector capacity to handle additional demand without compromising quality. The policy should aim for a moderate rate that maximizes efficiency while ensuring adequate redistribution.'}]}","Model did not return a numeric provisional score for Part <section>: {'summary': {'title': 'Taxation of Private Schools', 'key_points': ['The introduction of Value Added Tax (VAT) on private school fees can have both efficiency and equity i"
7,Part 2 Q4,34.83,2487,0.0,,"Model did not return a numeric provisional score for Part 2 Q4: {'summary': {'title': 'Taxation of Private Schools', 'key_points': ['The introduction of Value Added Tax (VAT) on private school fees can have both efficiency and equity impacts.', 'In Scenario 1, where only the low-income family attends public school, a marginal increase in VAT raises social welfare by improving public-school quality.', 'In Scenario 2, with both low- and middle-income families attending public school, the welfare gain from increasing VAT is smaller but still benefits public education.', 'Excessively high VAT rates risk undermining efficiency by overburdening the public education system and potentially inducing middle-income families to switch to public schooling.', 'VAT on private schools can improve equity and social welfare if implemented moderately and with effective use of additional revenue.']}, 'analysis': [{'section_title': 'Theoretical Model', 'content': 'The theoretical model presented in the document analyzes the effects of VAT on private school fees by considering two scenarios based on schooling allocation. The first scenario (Scenario 1) involves only the low-income family attending public school, while the second scenario (Scenario 2) includes both low- and middle-income families attending public school.'}, {'section_title': 'VAT Impact on Private Schooling', 'content': 'In Scenario 1, an increase in VAT reduces the utility of private schooling for high-and middle-income families due to higher costs. However, this reduction is offset by increased public-school quality funding, which benefits low-income households attending public school.'}, {'section_title': 'VAT Impact on Public Schooling', 'content': 'In Scenario 2, the same mechanism applies but with a smaller welfare gain since fewer families pay VAT. The policy still shifts resources from higher-income households toward public education.'}, {'section_title': 'Equity Efficiency Trade-off', 'content': 'The document highlights that excessively high VAT rates can induce middle-income families to switch to public schooling, potentially increasing congestion and reducing per-pupil resources in public schools. This trade-off between equity gains and potential efficiency losses must be considered.'}, {'section_title': 'Policy Implications', 'content': 'The model suggests that VAT on private schooling can improve both equity and social welfare if implemented cautiously, with sufficient public-sector capacity to handle additional demand without compromising quality. The policy should aim for a moderate rate that maximizes efficiency while ensuring adequate redistribution.'}]}","Model did not return a numeric provisional score for Part <section>: {'summary': {'title': 'Taxation of Private Schools', 'key_points': ['The introduction of Value Added Tax (VAT) on private school fees can have both efficiency and equity i"
8,Part 2 Q5,35.08,2487,0.0,,"Model did not return a numeric provisional score for Part 2 Q5: {'summary': {'title': 'Taxation of Private Schools', 'key_points': ['The introduction of Value Added Tax (VAT) on private school fees can have both efficiency and equity impacts.', 'In Scenario 1, where only the low-income family attends public school, a marginal increase in VAT raises social welfare by improving public-school quality.', 'In Scenario 2, with both low- and middle-income families attending public school, the welfare gain from increasing VAT is smaller but still benefits public education.', 'Excessively high VAT rates risk undermining efficiency by overburdening the public education system and potentially inducing middle-income families to switch to public schooling.', 'VAT on private schools can improve equity and social welfare if implemented moderately and with effective use of additional revenue.']}, 'analysis': [{'section_title': 'Theoretical Model', 'content': 'The theoretical model presented in the document analyzes the effects of VAT on private school fees by considering two scenarios based on schooling allocation. The first scenario (Scenario 1) involves only the low-income family attending public school, while the second scenario (Scenario 2) includes both low- and middle-income families attending public school.'}, {'section_title': 'VAT Impact on Private Schooling', 'content': 'In Scenario 1, an increase in VAT reduces the utility of private schooling for high-and middle-income families due to higher costs. However, this reduction is offset by increased public-school quality funding, which benefits low-income households attending public school.'}, {'section_title': 'VAT Impact on Public Schooling', 'content': 'In Scenario 2, the same mechanism applies but with a smaller welfare gain since fewer families pay VAT. The policy still shifts resources from higher-income households toward public education.'}, {'section_title': 'Equity Efficiency Trade-off', 'content': 'The document highlights that excessively high VAT rates can induce middle-income families to switch to public schooling, potentially increasing congestion and reducing per-pupil resources in public schools. This trade-off between equity gains and potential efficiency losses must be considered.'}, {'section_title': 'Policy Implications', 'content': 'The model suggests that VAT on private schooling can improve both equity and social welfare if implemented cautiously, with sufficient public-sector capacity to handle additional demand without compromising quality. The policy should aim for a moderate rate that maximizes efficiency while ensuring adequate redistribution.'}]}","Model did not return a numeric provisional score for Part <section>: {'summary': {'title': 'Taxation of Private Schools', 'key_points': ['The introduction of Value Added Tax (VAT) on private school fees can have both efficiency and equity i"
9,Part 2 Q6,34.9,2487,0.0,,"Model did not return a numeric provisional score for Part 2 Q6: {'summary': {'title': 'Taxation of Private Schools', 'key_points': ['The introduction of Value Added Tax (VAT) on private school fees can have both efficiency and equity impacts.', 'In Scenario 1, where only the low-income family attends public school, a marginal increase in VAT raises social welfare by improving public-school quality.', 'In Scenario 2, with both low- and middle-income families attending public school, the welfare gain from increasing VAT is smaller but still benefits public education.', 'Excessively high VAT rates risk undermining efficiency by overburdening the public education system and potentially inducing middle-income families to switch to public schooling.', 'VAT on private schools can improve equity and social welfare if implemented moderately and with effective use of additional revenue.']}, 'analysis': [{'section_title': 'Theoretical Model', 'content': 'The theoretical model presented in the document analyzes the effects of VAT on private school fees by considering two scenarios based on schooling allocation. The first scenario (Scenario 1) involves only the low-income family attending public school, while the second scenario (Scenario 2) includes both low- and middle-income families attending public school.'}, {'section_title': 'VAT Impact on Private Schooling', 'content': 'In Scenario 1, an increase in VAT reduces the utility of private schooling for high-and middle-income families due to higher costs. However, this reduction is offset by increased public-school quality funding, which benefits low-income households attending public school.'}, {'section_title': 'VAT Impact on Public Schooling', 'content': 'In Scenario 2, the same mechanism applies but with a smaller welfare gain since fewer families pay VAT. The policy still shifts resources from higher-income households toward public education.'}, {'section_title': 'Equity Efficiency Trade-off', 'content': 'The document highlights that excessively high VAT rates can induce middle-income families to switch to public schooling, potentially increasing congestion and reducing per-pupil resources in public schools. This trade-off between equity gains and potential efficiency losses must be considered.'}, {'section_title': 'Policy Implications', 'content': 'The model suggests that VAT on private schooling can improve both equity and social welfare if implemented cautiously, with sufficient public-sector capacity to handle additional demand without compromising quality. The policy should aim for a moderate rate that maximizes efficiency while ensuring adequate redistribution.'}]}","Model did not return a numeric provisional score for Part <section>: {'summary': {'title': 'Taxation of Private Schools', 'key_points': ['The introduction of Value Added Tax (VAT) on private school fees can have both efficiency and equity i"
10,Part 3 Q1,32.66,1789,6.0,,,
11,Part 3 Q2,30.04,1789,7.5,,,
12,Part 3 Q3,27.65,1789,7.5,,,
13,Part 3 Q4,26.21,1789,5.0,,,
14,Part 4,28.79,808,13.0,,,
